song_title,artist,youtube_url,start_time,amp_model,gain,volume,treble,middle,bass,stomp_fx,mod_fx,delay_fx,reverb_fx,spectral_centroid,spectral_rolloff,spectral_flatness,mfccs,active_rms,crest_factor,rms_frames,stomp_score,mod_score,reverb_score,delay_score,delay_time_ms
sanitarium rhythm clean,metallica,https://www.youtube.com/watch?v=8V7xhAlp2Sg,0,Twin Clean,3.0,4.2,8.0,5.0,4.0,"{""type"": ""5 Band EQ"", ""settings"": {""low"": 2.0, ""low_mid"": -1.5, ""mid"": -12.0, ""high_mid"": 10.0, ""high"": 7.5}}","{""type"": ""Chorus"", ""settings"": {""level"": 9.0, ""speed"": 4.6, ""depth"": 3.5}}","{""type"": ""Echo"", ""settings"": {""level"": 1.5, ""time"": 400, ""feedback"": 3.2, ""wow"": 5.5}}","{""type"": ""Arena"", ""settings"": {""level"": 3.0, ""decay"": 5.5, ""tone"": 5.5}}",1035.1543733788792,2257.263921693314,0.00019731381,"[-304.2709655761719, 192.63624572753906, -54.584434509277344, 51.009464263916016]",0.04521492123603821,5.8253834184824225,[0.00025801 0.0025843  0.00508482 ... 0.02153436 0.0181625  0.01476599],3.387137985555455e-05,0.11728021502494812,0.0,0.9791253209114075,92.87981859410431
Glory Box,Portishead,https://www.youtube.com/watch?v=4qQyUi4zfDs,97,Champ,3.0,5.0,5.5,5.5,5.0,"{""type"": ""Big Fuzz"", ""settings"": {""level"": 9.0, ""tone"": 5.0, ""sustain"": 5.0}}","{""type"": ""Vibratone"", ""settings"": {""level"": 7.5, ""speed"": 7.0, ""depth"": 4.5, ""feedback"": 7.0, ""phase"": 5.5}}",,"{""type"": ""Spring 65"", ""settings"": {""level"": 5.0, ""decay"": 5.0, ""tone"": 5.0}}",1430.743137827714,2264.4627376213384,0.00020807888,"[-209.19607543945312, 197.03453063964844, -107.5794906616211, 24.076618194580078]",0.0840168446302414,6.786295556604534,"[9.4003126e-02 1.1774309e-01 1.3658090e-01 ... 3.5113542e-05 3.0067969e-05
 2.5499938e-05]",3.0661627533845603e-05,0.2405998557806015,1.0,0.9695079922676086,92.87981859410431
Tom Sawyer,Rush,https://www.youtube.com/watch?v=MNrI4MSTXBU,52,50s Twin,10.0,8.0,7.0,9.5,4.5,,"{""type"": ""Flanger"", ""settings"": {""level"": 6.0, ""speed"": 3.0, ""depth"": 7.0, ""feedback"": 8.0}}","{""type"": ""Delay"", ""settings"": {""level"": 3.0, ""time"": 400, ""feedback"": 6.5, ""tone"": 3.5}}","{""type"": ""Small Room"", ""settings"": {""level"": 5.5, ""decay"": 5.5, ""tone"": 5.5}}",1515.7651600651998,2495.669930938225,0.00057679886,"[-341.1903991699219, 190.51483154296875, -116.81428527832031, 22.55823516845703]",0.016649752855300903,5.300855568109248,[0.01156902 0.01321812 0.01493355 ... 0.01530215 0.01281656 0.00981863],0.0001088123899535276,0.02279917150735855,0.0,0.9869643449783325,92.87981859410431
Stick It Out,Rush,https://www.youtube.com/watch?v=ZNnWEZeJqoc,0,Burn,8.4,5.7,10.0,1.0,4.5,"{""type"": ""5 Band EQ"", ""settings"": {""low"": 0.0, ""low_mid"": 0.0, ""mid"": 2.0, ""high_mid"": 0.0, ""high"": -7.5}}","{""type"": ""Chorus"", ""settings"": {""level"": 10.0, ""speed"": 1.3, ""depth"": 3.5}}",,,1604.5879205108395,3060.7130315486056,0.0024373312,"[-118.22215270996094, 146.52919006347656, -66.75550079345703, 55.18257522583008]",0.15221074223518372,5.4771283745406665,[0.00027356 0.00034119 0.00040121 ... 0.12532684 0.1138619  0.09928089],0.00044500158401206136,0.20489874482154846,0.0,0.985970139503479,92.87981859410431
Xanadu,Rush,https://www.youtube.com/watch?v=SEuOoMprDqg,455,Burn,10.0,4.9,8.9,7.6,4.1,"{""type"": ""Myth Drive"", ""settings"": {""level"": 10.0, ""gain"": 5.0, ""treble"": 5.0}}","{""type"": ""Chorus"", ""settings"": {""level"": 6.6, ""speed"": 3.1, ""depth"": 2.7}}","{""type"": ""Echo"", ""settings"": {""level"": 2.9, ""time"": 200, ""feedback"": 3.0, ""wow"": 3.0}}","{""type"": ""Small Room"", ""settings"": {""level"": 5.5, ""decay"": 5.5, ""tone"": 5.5}}",1264.4071297868288,2051.954846320505,0.00014885215,"[-354.89581298828125, 190.5991668701172, -99.06863403320312, -17.972564697265625]",0.028634311631321907,6.879993938135009,"[5.2720238e-04 5.2853598e-04 5.3321512e-04 ... 4.4196397e-05 3.4732413e-05
 2.6585854e-05]",2.1635503799188882e-05,0.07047807425260544,1.0,0.9774487018585205,92.87981859410431
Mardy Bum,Arctic Monkeys,https://www.youtube.com/watch?v=XMRnlCpTWI4,0,Twin Clean,4.0,5.7,6.0,5.5,6.0,"{""type"": ""Compressor"", ""settings"": {""type"": ""mid""}}",,,"{""type"": ""Spring 65"", ""settings"": {""level"": 5.5, ""decay"": 4.5, ""tone"": 10.0}}",1701.3815714548916,2797.5707032810005,0.00036695474,"[-205.72994995117188, 159.28607177734375, -110.3486328125, 43.15333557128906]",0.08972717076539993,6.969415666978662,[0.00026167 0.0003214  0.00037186 ... 0.01182964 0.01115028 0.01090246],5.265214713290334e-05,0.3240056037902832,1.0,0.9552737474441528,92.87981859410431
Riot Van,Arctic Monkeys,https://www.youtube.com/watch?v=a62FZZa3fjE,0,Princeton,3.3,9.0,7.5,8.2,2.5,"{""type"": ""Compressor"", ""settings"": {""type"": ""mid""}}","{""type"": ""Tremolo"", ""settings"": {""level"": 7.0, ""speed"": 6.4}}","{""type"": ""Delay"", ""settings"": {""level"": 2.5, ""time"": 400, ""feedback"": 4.3, ""tone"": 5.3}}","{""type"": ""Arena"", ""settings"": {""level"": 4.5, ""decay"": 8.5, ""tone"": 4.6}}",947.1618288841318,1873.0775529156633,0.00022249861,"[-357.5933532714844, 179.2012176513672, -22.21990966796875, 62.217552185058594]",0.03927374631166458,7.1894683930470835,"[2.3537885e-05 2.9171530e-05 3.4220117e-05 ... 2.5696704e-02 2.2150567e-02
 1.8550880e-02]",3.094784915447235e-05,0.2407955527305603,1.0,0.956718921661377,92.87981859410431
chase,batta,https://www.youtube.com/watch?v=oDba5-eFQJE,0,70s Uk Cln,9.0,6.0,10.0,4.0,5.5,"{""type"": ""Blues Drive"", ""settings"": {""level"": 8.1, ""gain"": 7.6, ""tone"": 5.0, ""blend"": 5.0}}",,"{""type"": ""Echo"", ""settings"": {""level"": 5.0, ""time"": 300, ""feedback"": 5.0, ""wow"": 5.0}}","{""type"": ""Plate"", ""settings"": {""level"": 1.0, ""decay"": 2.5, ""tone"": 5.5}}",2256.34063292207,3587.377951427538,0.0023226212,"[-153.5740509033203, 133.1441192626953, -125.4266357421875, 62.2415771484375]",0.07321988791227341,4.402535999742422,[0.00023447 0.0002871  0.00033148 ... 0.05618669 0.04851913 0.03769325],0.0005275642615742981,0.06233685463666916,0.0,0.9936364889144897,92.87981859410431
Apple Cider,Beabadoobee,https://www.youtube.com/watch?v=laDnsiKURTQ,0,50s Twin,4.5,10.0,7.0,10.0,10.0,"{""type"": ""Myth Drive"", ""settings"": {""level"": 6.5, ""gain"": 5.0, ""treble"": 5.0}}","{""type"": ""Chorus"", ""settings"": {""level"": 10.0, ""speed"": 4.0, ""depth"": 4.5}}","{""type"": ""Delay"", ""settings"": {""level"": 2.5, ""time"": 316, ""feedback"": 3.0, ""tone"": 4.5}}","{""type"": ""Plate"", ""settings"": {""level"": 4.0, ""decay"": 9.5, ""tone"": 1.5}}",1590.4409838460126,3092.7653632567594,0.00081294327,"[-186.94717407226562, 158.44273376464844, -68.33251953125, 79.69550323486328]",0.08923052996397018,4.849683536860881,"[4.0235493e-05 4.9726947e-05 5.9015583e-05 ... 7.0400208e-02 5.6100026e-02
 4.5206126e-02]",0.00016762806626502424,0.13486641645431519,0.0,0.9888595938682556,92.87981859410431
Animal Nitrate,Suede,https://www.youtube.com/watch?v=i7mEB2wnDLQ,127,60s Uk Cln,5.0,9.0,7.0,4.0,5.0,"{""type"": ""Rock Dirt"", ""settings"": {""level"": 6.5, ""distort"": 5.0, ""filter"": 5.0}}","{""type"": ""Flanger"", ""settings"": {""level"": 7.5, ""speed"": 3.0, ""depth"": 7.0, ""feedback"": 8.0}}",,"{""type"": ""Large Hall"", ""settings"": {""level"": 6.5, ""decay"": 4.0, ""tone"": 5.0}}",2109.031997271226,4352.837922346288,0.00453942,"[-96.8380355834961, 123.37738037109375, -63.259796142578125, 52.09516906738281]",0.11093425005674362,5.13543349318934,[0.07000156 0.08204061 0.09003404 ... 0.15855704 0.14203179 0.11943884],0.0008839407237246633,0.11833930760622025,0.0,0.9872064590454102,92.87981859410431
A New England,Billy Bragg,https://www.youtube.com/watch?v=sEDlFOd0xsk,30,Twin Clean,3.0,6.5,8.0,1.5,8.0,"{""type"": ""Compressor"", ""settings"": {""type"": ""mid""}}",,,"{""type"": ""Plate"", ""settings"": {""level"": 10.0, ""decay"": 2.0, ""tone"": 9.0}}",1320.381787485084,2529.177014104921,0.00023718353,"[-237.00863647460938, 162.90689086914062, -64.33135223388672, 60.78489685058594]",0.08508564531803131,10.409028205413938,[0.04330543 0.0529646  0.06808539 ... 0.01527935 0.01194988 0.00935758],2.2786325644119643e-05,0.24646921455860138,1.0,0.933684766292572,92.87981859410431
Celebrated Summer,Husker Du,https://www.youtube.com/watch?v=lF40NLLSr0s,0,Twin Clean,4.5,9.0,3.5,8.0,6.0,"{""type"": ""Fuzz"", ""settings"": {""level"": 5.0, ""gain"": 5.0, ""vari"": ""loose""}}","{""type"": ""Chorus"", ""settings"": {""level"": 9.0, ""speed"": 3.5, ""depth"": 2.5}}",,"{""type"": ""Plate"", ""settings"": {""level"": 2.5, ""decay"": 1.5, ""tone"": 7.0}}",2372.5159707025978,4345.920157596983,0.025170585,"[-116.92784118652344, 97.16691589355469, -71.65897369384766, 14.448917388916016]",0.07339857518672943,4.521588641059347,[0.00126863 0.00179954 0.00249263 ... 0.08424013 0.07243177 0.0605829 ],0.005566755775362253,0.08583730459213257,1.0,0.9932966232299805,92.87981859410431
Samba Pa Ti,Santana,https://www.youtube.com/watch?v=timZoOs9ozo,0,Champ,7.5,3.5,7.0,1.0,5.0,"{""type"": ""Overdrive"", ""settings"": {""level"": 3.0, ""gain"": 7.5, ""low"": 3.0, ""mid"": 5.0, ""high"": 5.0}}","{""type"": ""Touch Wah"", ""settings"": {""level"": 5.0, ""thresh"": 5.0, ""mode"": ""LO-DOWN"", ""filter"": ""LPF"", ""peak"": 5.0}}",,"{""type"": ""Spring 65"", ""settings"": {""level"": 5.5, ""decay"": 5.9, ""tone"": 5.5}}",1061.4912725935571,1946.8689141076154,0.00041382547,"[-313.01629638671875, 139.49998474121094, 5.187534809112549, 22.994352340698242]",0.07048895210027695,7.161369757890236,[0.00015483 0.00018837 0.0002169  ... 0.04360181 0.03835268 0.03191003],5.778578997706063e-05,0.22855529189109802,1.0,0.9254525899887085,92.87981859410431
Oh!,Sleater-Kinney,https://www.youtube.com/watch?v=oS4KYnLKRRY,25,Super Clean,6.0,9.5,8.5,7.5,4.5,"{""type"": ""Blues Drive"", ""settings"": {""level"": 9.0, ""gain"": 5.5, ""tone"": 5.0, ""blend"": 5.0}}",,"{""type"": ""Delay"", ""settings"": {""level"": 2.0, ""time"": 400, ""feedback"": 2.0, ""tone"": 5.5}}",,1152.855440676757,2200.933172310035,0.00026255305,"[-180.8526153564453, 197.40518188476562, -67.50369262695312, 47.78390884399414]",0.1253846138715744,5.4431302645745765,[0.0699366  0.08907872 0.10605039 ... 0.11809184 0.10459565 0.08507722],4.823566268896684e-05,0.1642281860113144,0.0,0.98235023021698,92.87981859410431
Freddie's Dead,Curtis Mayfield,https://youtu.be/esIQyaGEUFU?si=8Sp0I-XE-IbhqIeV,30,50s Twin,9.5,7.0,5.0,9.5,5.0,"{""type"": ""Compressor"", ""settings"": {""type"": ""mid""}}","{""type"": ""Touch Wah"", ""settings"": {""level"": 10.0, ""thresh"": 5.5, ""mode"": ""HI-UP"", ""filter"": ""BPF"", ""peak"": 5.5}}",,"{""type"": ""Spring 65"", ""settings"": {""level"": 5.5, ""decay"": 4.5, ""tone"": 10.0}}",1225.414256157076,2233.0208892167384,0.00021355593,"[-266.3573913574219, 174.29750061035156, -65.6568603515625, 39.101566314697266]",0.0622871033847332,8.140353435217312,[0.0019663  0.00241708 0.00279713 ... 0.05794698 0.05138244 0.04458911],2.6234230972477235e-05,0.1953553706407547,1.0,0.9192457795143127,92.87981859410431
Seventh Wave,Devin Townsend,https://www.youtube.com/watch?v=b3-NQvRmo3I,20,90s Rock,3.5,7.0,6.0,3.5,6.5,"{""type"": ""Fuzz"", ""settings"": {""level"": 5.0, ""gain"": 5.0, ""vari"": ""tight""}}","{""type"": ""Flanger"", ""settings"": {""level"": 7.5, ""speed"": 4.5, ""depth"": 6.0, ""feedback"": 8.0}}","{""type"": ""Delay"", ""settings"": {""level"": 7.0, ""time"": 400, ""feedback"": 8.5, ""tone"": 1.0}}","{""type"": ""Large Hall"", ""settings"": {""level"": 9.5, ""decay"": 6.0, ""tone"": 2.0}}",2089.8871324883244,3773.664703723173,0.006073119,"[-139.3731689453125, 124.86858367919922, -78.03314971923828, 61.30142593383789]",0.06202300637960434,4.9301946487526225,[0.03702083 0.04662371 0.05602632 ... 0.07268909 0.06514606 0.05221779],0.001231821021065116,0.04490194469690323,0.0,0.9926325082778931,92.87981859410431
Maggot Brain,Funkadelic,https://www.youtube.com/watch?v=4Inr22ZBmdw,120,50s Twin,3.5,6.0,7.0,4.5,6.0,"{""type"": ""Fuzz"", ""settings"": {""level"": 5.0, ""gain"": 5.0, ""vari"": ""loose""}}","{""type"": ""Touch Wah"", ""settings"": {""level"": 7.5, ""thresh"": 4.0, ""mode"": ""LO-DOWN"", ""filter"": ""LPF"", ""peak"": 7.0}}",,"{""type"": ""Spring 65"", ""settings"": {""level"": 5.5, ""decay"": 6.0, ""tone"": 5.5}}",2164.57562540718,3959.7861871918503,0.0020754598,"[-341.9804382324219, 87.38050079345703, -80.31476593017578, 49.11341857910156]",0.01870574615895748,4.457989755310107,[0.01279377 0.01555961 0.01833439 ... 0.01638533 0.01364994 0.0104999 ],0.0004655594821088016,0.034931376576423645,0.0,0.9868530035018921,92.87981859410431
Panama,Van Halen,https://www.youtube.com/watch?v=YRFKU6QvBJY,0,80s Rock,10.0,5.0,10.0,1.0,6.0,"{""type"": ""Myth Drive"", ""settings"": {""level"": 7.0, ""gain"": 5.0, ""treble"": 5.0}}","{""type"": ""Chorus"", ""settings"": {""level"": 6.6, ""speed"": 3.1, ""depth"": 2.7}}","{""type"": ""Echo"", ""settings"": {""level"": 2.9, ""time"": 200, ""feedback"": 3.0, ""wow"": 3.0}}","{""type"": ""Small Room"", ""settings"": {""level"": 5.5, ""decay"": 5.5, ""tone"": 5.5}}",2139.808290063067,3884.205918422965,0.011544606,"[-108.56320190429688, 116.7833480834961, -77.5323486328125, 35.291446685791016]",0.10516858845949173,4.393551672738836,[0.00041779 0.00152971 0.01641093 ... 0.08483922 0.07612799 0.06558885],0.002627624198794365,0.12364505231380463,0.0,0.9858703017234802,92.87981859410431
"The Good, the Bad and the Ugly (Main Theme)",Ennio Morricone,https://www.youtube.com/watch?v=iE5CkYe6ASg,60,50s Twin,7.5,7.0,5.0,7.0,5.0,,"{""type"": ""Tremolo"", ""settings"": {""level"": 6.5, ""speed"": 5.5}}","{""type"": ""Echo"", ""settings"": {""level"": 3.0, ""time"": 316, ""feedback"": 8.5, ""wow"": 8.5}}","{""type"": ""Plate"", ""settings"": {""level"": 9.0, ""decay"": 2.5, ""tone"": 5.0}}",1312.859204184348,2344.744403545673,0.0010372841,"[-163.553466796875, 146.66441345214844, -27.560237884521484, 50.117774963378906]",0.15549077093601227,5.78507682987449,[0.14219393 0.17308931 0.19489434 ... 0.13491245 0.12015955 0.08878558],0.00017930340254679322,0.4127257168292999,1.0,0.966741681098938,92.87981859410431
Give Me the Night,George Benson,https://www.youtube.com/watch?v=FIF7wKJb2iU,0,Super Clean,2.5,4.5,5.5,6.0,5.0,"{""type"": ""Compressor"", ""settings"": {""type"": ""mid""}}","{""type"": ""Chorus"", ""settings"": {""level"": 3.2, ""speed"": 1.2, ""depth"": 2.5}}","{""type"": ""Delay"", ""settings"": {""level"": 2.3, ""time"": 325, ""feedback"": 2.5, ""tone"": 4.0}}","{""type"": ""Spring 65"", ""settings"": {""level"": 2.5, ""decay"": 2.5, ""tone"": 2.5}}",1073.6396445785613,1947.7960545617623,0.00028156882,"[-347.23333740234375, 180.45278930664062, -50.77787780761719, 14.541545867919922]",0.032109007239341736,10.117655064654414,"[1.1675648e-05 1.4372652e-05 1.6588372e-05 ... 5.2953348e-02 4.8633229e-02
 3.3074833e-02]",2.7829451937577687e-05,0.1808701753616333,1.0,0.773475170135498,92.87981859410431
Coffee & TV,Blur,https://www.youtube.com/watch?v=cHrNTR05voQ,30,60s Uk Cln,4.5,7.0,5.0,8.5,6.5,"{""type"": ""Rock Dirt"", ""settings"": {""level"": 2.5, ""distort"": 5.0, ""filter"": 5.0}}","{""type"": ""Flanger"", ""settings"": {""level"": 6.5, ""speed"": 3.0, ""depth"": 6.5, ""feedback"": 7.5}}",,"{""type"": ""Arena"", ""settings"": {""level"": 3.0, ""decay"": 5.5, ""tone"": 5.5}}",1999.3881275658125,4072.235593370571,0.011718161,"[-190.9027099609375, 103.97416687011719, -36.922645568847656, 57.104434967041016]",0.06254664063453674,5.1921287058095045,[0.03527807 0.04648924 0.05191636 ... 0.06444497 0.05674274 0.04668494],0.00225690845400095,0.24610865116119385,1.0,0.9533842206001282,92.87981859410431
Apache,The Shadows,https://www.youtube.com/watch?v=Px_krd_edFI,20,Twin Clean,4.0,7.0,7.0,8.0,6.5,"{""type"": ""Compressor"", ""settings"": {""type"": ""mid""}}","{""type"": ""Tremolo"", ""settings"": {""level"": 8.0, ""speed"": 5.5}}","{""type"": ""Echo"", ""settings"": {""level"": 4.0, ""time"": 299, ""feedback"": 1.0, ""wow"": 5.5}}","{""type"": ""Plate"", ""settings"": {""level"": 9.5, ""decay"": 3.5, ""tone"": 1.5}}",1554.811032121556,2718.9291119852087,0.002924374,"[-163.19931030273438, 134.37770080566406, -29.60954475402832, 12.490396499633789]",0.09762243181467056,8.701078365763305,[0.10430142 0.12489568 0.1447665  ... 0.1056848  0.08652403 0.06880213],0.0003360932460054755,0.2182650864124298,0.0,0.9703355431556702,92.87981859410431
Motorcycle Emptiness,Manic Street Preachers,https://www.youtube.com/watch?v=gavcjNniIvk,0,70s Uk Cln,5.0,8.0,4.0,7.0,3.0,"{""type"": ""Rock Dirt"", ""settings"": {""level"": 6.0, ""distort"": 5.0, ""filter"": 5.0}}","{""type"": ""Chorus"", ""settings"": {""level"": 7.0, ""speed"": 4.5, ""depth"": 3.5}}",,"{""type"": ""Small Room"", ""settings"": {""level"": 3.5, ""decay"": 5.5, ""tone"": 5.5}}",2348.429237464905,4006.744867369186,0.0029307632,"[-235.08059692382812, 108.03417205810547, -80.64653778076172, 79.41793823242188]",0.03623393177986145,6.512302905616745,[0.0004367  0.00059707 0.00229411 ... 0.0413764  0.03343417 0.02913077],0.00045003477134741843,0.04762192443013191,0.0,0.9908435344696045,92.87981859410431
One,Metallica,https://www.youtube.com/watch?v=WM8bTdBs-cw,250,70s Uk Cln,10.0,5.5,10.0,1.0,5.0,"{""type"": ""Myth Drive"", ""settings"": {""level"": 4.0, ""gain"": 5.0, ""treble"": 5.0}}",,,"{""type"": ""Plate"", ""settings"": {""level"": 4.7, ""decay"": 7.0, ""tone"": 5.5}}",2454.2732153297593,4050.130615234375,0.003257475,"[-160.37399291992188, 82.54066467285156, -80.30631256103516, 96.0833969116211]",0.0868089348077774,5.5071155889633765,[0.06497674 0.07681053 0.0884231  ... 0.17235203 0.14170419 0.11365553],0.0005915028159506619,0.29229599237442017,1.0,0.946133553981781,92.87981859410431
Voodoo Child (Slight Return),Jimi Hendrix,https://www.youtube.com/watch?v=C0XwPUFfFwE,46,60s Uk Cln,6.5,8.0,3.5,5.5,4.6,"{""type"": ""Fuzz"", ""settings"": {""level"": 5.0, ""gain"": 5.0, ""vari"": ""loose""}}","{""type"": ""Touch Wah"", ""settings"": {""level"": 5.0, ""thresh"": 5.5, ""mode"": ""HI-UP"", ""filter"": ""BPF"", ""peak"": 5.0}}",,"{""type"": ""Spring 65"", ""settings"": {""level"": 5.5, ""decay"": 5.5, ""tone"": 5.5}}",1502.0456062563792,2935.65407544957,0.0019104871,"[-90.63107299804688, 159.5409698486328, -57.86380386352539, 35.612327575683594]",0.1933387666940689,4.4355099339499215,[0.12866631 0.15037525 0.1685565  ... 0.23752737 0.20901926 0.17336081],0.0004307253402657807,0.49857428669929504,1.0,0.9814825654029846,92.87981859410431
Where Is My Mind?,Pixies,https://www.youtube.com/watch?v=tPgf_btTFlc,10,Super Clean,4.5,9.5,6.5,5.5,4.0,"{""type"": ""Myth Drive"", ""settings"": {""level"": 6.0, ""gain"": 5.0, ""treble"": 5.0}}","{""type"": ""Chorus"", ""settings"": {""level"": 3.5, ""speed"": 5.0, ""depth"": 6.0}}",,"{""type"": ""Plate"", ""settings"": {""level"": 3.5, ""decay"": 7.0, ""tone"": 4.5}}",1196.0532969591832,2178.3368278952207,0.0002481649,"[-339.24261474609375, 194.5424041748047, -71.18538665771484, 18.21591567993164]",0.023142896592617035,9.666992527567192,[0.03244883 0.03693165 0.04013181 ... 0.00922402 0.00773247 0.00615184],2.567136471043341e-05,0.04438580200076103,0.0,0.9710848927497864,92.87981859410431
Spellbound,Siouxsie and the Banshees,https://www.youtube.com/watch?v=TjvvK-Rj0WI,0,50s Twin,3.0,6.0,10.0,8.0,7.0,"{""type"": ""Myth Drive"", ""settings"": {""level"": 5.0, ""gain"": 5.0, ""treble"": 5.0}}","{""type"": ""Chorus"", ""settings"": {""level"": 8.5, ""speed"": 4.5, ""depth"": 6.0}}","{""type"": ""Echo"", ""settings"": {""level"": 2.5, ""time"": 125, ""feedback"": 3.5, ""wow"": 10.0}}","{""type"": ""Arena"", ""settings"": {""level"": 2.5, ""decay"": 5.5, ""tone"": 5.5}}",1688.5372095996197,2713.3042762334867,0.00043794507,"[-343.9986877441406, 141.2760467529297, -101.06526947021484, 33.4268913269043]",0.021820928901433945,6.952682402735359,"[1.0683100e-05 1.3154377e-05 1.5315498e-05 ... 3.5165794e-02 3.2428499e-02
 2.9242771e-02]",6.298935477389023e-05,0.0534871406853199,1.0,0.9763384461402893,92.87981859410431
Creep,Radiohead,https://www.youtube.com/watch?v=XFkzRNyygfk,123,90s Rock,5.0,7.5,6.0,7.5,3.0,"{""type"": ""Blues Drive"", ""settings"": {""level"": 3.0, ""gain"": 9.5, ""tone"": 5.0, ""blend"": 5.0}}","{""type"": ""Chorus"", ""settings"": {""level"": 10.0, ""speed"": 2.0, ""depth"": 2.0}}","{""type"": ""Echo"", ""settings"": {""level"": 6.0, ""time"": 42, ""feedback"": 5.0, ""wow"": 4.5}}","{""type"": ""Spring 65"", ""settings"": {""level"": 9.5, ""decay"": 5.5, ""tone"": 5.0}}",2188.581516373114,3397.213134765625,0.0012145648,"[-120.13911437988281, 138.19032287597656, -121.17589569091797, 94.67276763916016]",0.11904437094926834,5.205406688699706,[0.00033428 0.00060259 0.00061459 ... 0.13969235 0.12163273 0.10571422],0.000233327504247427,0.09856291860342026,0.0,0.9906463027000427,92.87981859410431
This Charming Man,The Smiths,https://www.youtube.com/watch?v=cJRP3LRcUFg,60,Super Clean,5.5,7.0,4.5,7.5,3.5,"{""type"": ""Compressor"", ""settings"": {""type"": ""mid""}}","{""type"": ""Chorus"", ""settings"": {""level"": 10.0, ""speed"": 4.0, ""depth"": 4.0}}",,"{""type"": ""Spring 65"", ""settings"": {""level"": 4.0, ""decay"": 4.0, ""tone"": 5.5}}",2196.7550710747805,3168.0108689169847,0.00034474663,"[-201.07199096679688, 129.9347381591797, -120.90573120117188, 77.60449981689453]",0.09258896112442017,6.658267134557176,[0.09227322 0.10683805 0.12570891 ... 0.00020031 0.00019761 0.00019445],5.17772241437342e-05,0.1768970787525177,1.0,0.965636670589447,92.87981859410431
Flip the Switch,The Rolling Stones,https://www.youtube.com/watch?v=dbm1dWfZej8,60,80s Rock,7.0,10.0,8.0,4.5,9.5,"{""type"": ""Big Fuzz"", ""settings"": {""level"": 7.5, ""tone"": 5.0, ""sustain"": 5.0}}","{""type"": ""Phaser"", ""settings"": {""level"": 2.0, ""speed"": 4.0, ""depth"": 6.5}}",,"{""type"": ""Plate"", ""settings"": {""level"": 10.0, ""decay"": 5.5, ""tone"": 4.5}}",1675.1343458899798,2886.3832693890395,0.00074218155,"[-180.22471618652344, 155.83811950683594, -99.65049743652344, 50.68035888671875]",0.08227498829364777,7.302487899011628,[0.05689111 0.06974243 0.0788817  ... 0.03886484 0.03362982 0.02735061],0.00010163405386265367,0.11214622855186462,1.0,0.9797477126121521,92.87981859410431
Smells Like Teen Spirit,Nirvana,https://www.youtube.com/watch?v=hTWKbfoikeg,60,60s Uk Cln,3.0,8.0,10.0,10.0,5.0,"{""type"": ""Fuzz"", ""settings"": {""level"": 5.5, ""gain"": 10.0, ""vari"": ""tight""}}","{""type"": ""Chorus"", ""settings"": {""level"": 9.5, ""speed"": 3.0, ""depth"": 8.0}}",,,2515.6991579999267,4123.52513005728,0.0039017692,"[-130.8560791015625, 105.35742950439453, -95.34707641601562, 97.75541687011719]",0.08514232933521271,8.419456208228732,[0.06139884 0.07739852 0.09082305 ... 0.14242974 0.1242165  0.11030532],0.0004634228826034814,0.09428887069225311,0.0,0.9850895404815674,92.87981859410431
Come as You Are,Nirvana,https://www.youtube.com/watch?v=vabnZ9-ex7o,0,60s Uk Cln,3.0,8.0,10.0,10.0,5.0,,"{""type"": ""Chorus"", ""settings"": {""level"": 9.5, ""speed"": 3.0, ""depth"": 8.0}}",,,617.5418928659191,1044.278163764313,2.8512948e-05,"[-348.1055603027344, 201.8819580078125, 4.304610729217529, 18.214750289916992]",0.05762210115790367,5.687108707880245,"[8.64163012e-05 1.05870145e-04 1.22252706e-04 ... 1.64780562e-04
 1.45609956e-04 1.23016303e-04]",5.013610007154057e-06,0.13282188773155212,1.0,0.9450294971466064,92.87981859410431
Paperback Writer,The Beatles,https://www.youtube.com/watch?v=yYvkICbTZIQ,80,70s Uk Cln,7.0,6.0,6.0,6.0,4.5,"{""type"": ""Compressor"", ""settings"": {""type"": ""mid""}}",,"{""type"": ""Echo"", ""settings"": {""level"": 2.0, ""time"": 145, ""feedback"": 2.5, ""wow"": 8.0}}",,1367.326510319885,2595.5387766768295,0.00047362378,"[-150.16354370117188, 177.0061492919922, -80.60078430175781, 41.79737854003906]",0.13659149408340454,5.132120175557204,[0.08198041 0.10173222 0.11811333 ... 0.14859834 0.1321383  0.10832072],9.228616545442492e-05,0.20064884424209595,1.0,0.9824889898300171,92.87981859410431
Chamber of Reflection,Mac DeMarco,https://www.youtube.com/watch?v=jja0UmQZ6vY,42,Twin Clean,5.0,6.5,5.4,4.4,8.2,"{""type"": ""Sustain"", ""settings"": {""sense"": 5.0, ""level"": 5.0}}","{""type"": ""Chorus"", ""settings"": {""level"": 10.0, ""speed"": 4.5, ""depth"": 3.0}}","{""type"": ""Delay"", ""settings"": {""level"": 4.0, ""time"": 180, ""feedback"": 5.5, ""tone"": 5.5}}","{""type"": ""Spring 65"", ""settings"": {""level"": 5.5, ""decay"": 5.9, ""tone"": 1.0}}",1300.732041487135,2571.773681640625,0.00011119447,"[-263.87347412109375, 187.02552795410156, -72.43241882324219, 63.45795440673828]",0.06990203261375427,7.534121471771283,[0.12052242 0.14449207 0.16159318 ... 0.08330654 0.07172339 0.0582818 ],1.475878252676921e-05,0.3932918310165405,1.0,0.9389087557792664,92.87981859410431
Jockey Full of Bourbon,Tom Waits,https://www.youtube.com/watch?v=ipQgbKEK4s0,80,50s Twin,4.0,9.0,5.0,5.5,7.5,,"{""type"": ""Tremolo"", ""settings"": {""level"": 7.0, ""speed"": 3.0}}",,"{""type"": ""Spring 65"", ""settings"": {""level"": 2.5, ""decay"": 5.0, ""tone"": 5.0}}",1096.0976884195263,1885.5927242208222,9.808075e-05,"[-240.53248596191406, 198.7064666748047, -71.16722106933594, 3.7272942066192627]",0.0883370190858841,5.461926021748169,"[4.05326246e-05 4.78444854e-05 5.37580454e-05 ... 2.09972113e-02
 1.44410785e-02 9.05685406e-03]",1.7957170712179504e-05,0.28634119033813477,1.0,0.9528325796127319,92.87981859410431
Sultans of Swing,Dire Straits,https://www.youtube.com/watch?v=h0ffIJ7ZO4U,0,Twin Clean,4.0,8.0,7.5,7.5,3.0,"{""type"": ""Compressor"", ""settings"": {""type"": ""mid""}}","{""type"": ""Chorus"", ""settings"": {""level"": 4.5, ""speed"": 5, ""depth"": 5}}",,"{""type"": ""Spring 65"", ""settings"": {""level"": 2.5, ""decay"": 5, ""tone"": 5.5}}",1670.5844844979117,3345.6352095170455,0.0011434512,"[-253.6029510498047, 142.91490173339844, -59.561302185058594, 62.378509521484375]",0.045603904873132706,9.130622655679405,"[2.1210542e-05 2.6898872e-05 3.1326148e-05 ... 1.2020726e-02 9.3470952e-03
 6.4927670e-03]",0.00012523254554253072,0.17851854860782623,1.0,0.9316146969795227,92.87981859410431
Enter Sandman,Metallica,https://www.youtube.com/watch?v=CD-E-LDc384,35,90s Rock,9.0,7.0,9.0,1.5,5.0,,,,"{""type"": ""Small Room"", ""settings"": {""level"": 5.5, ""decay"": 5.5, ""tone"": 5.5}}",1987.3950247556897,3746.219445602523,0.0016405116,"[-157.31158447265625, 129.0310516357422, -77.93199920654297, 84.39897155761719]",0.09520894289016724,5.565229109469513,[0.04270346 0.05697157 0.07009105 ... 0.08641185 0.08013875 0.06559804],0.0002947787579614669,0.3903106451034546,0.0,0.932070255279541,92.87981859410431
Moonage Daydream,David Bowie,https://www.youtube.com/watch?v=RPUAldgS7Sg,87,70s Rock,7.0,9.5,4.5,5.5,7.0,,,,"{""type"": ""Large Hall"", ""settings"": {""level"": 4.0, ""decay"": 3.0, ""tone"": 7.0}}",1973.2805979573795,3888.5391405914124,0.005729344,"[-194.10496520996094, 121.45423889160156, -48.49388885498047, 71.08513641357422]",0.05578232929110527,8.157321314624838,[0.02627229 0.02877428 0.03223054 ... 0.05959548 0.05277889 0.03634349],0.0007023560465313494,0.18434327840805054,1.0,0.9626284241676331,92.87981859410431
Are You Looking Up,mk.gee,https://www.youtube.com/watch?v=DxdKr5PmlPw,60,Super Clean,5.5,10.0,10.0,9.1,9.1,"{""type"": ""Octobot"", ""settings"": {""direct"": 1.0, ""down"": 7.0, ""sizzle"": 5.0}}","{""type"": ""Chorus"", ""settings"": {""level"": 10.0, ""speed"": 3.2, ""depth"": 3.7}}","{""type"": ""Echo"", ""settings"": {""level"": 1.5, ""time"": 290, ""feedback"": 4.4, ""wow"": 6.8}}","{""type"": ""Plate"", ""settings"": {""level"": 9, ""decay"": 2.7, ""tone"": 4.0}}",819.5252726180041,1284.028016155103,0.0004874802,"[-255.1302032470703, 196.14398193359375, -4.05875825881958, -22.854572296142578]",0.12364894896745682,6.383194918189682,[0.00851579 0.02100484 0.03537533 ... 0.0167878  0.01357877 0.01070433],7.63693024055101e-05,0.4682730436325073,1.0,0.9228857159614563,92.87981859410431
Last Nite,The Strokes,https://www.youtube.com/watch?v=TOypSnKFHrE,95,Burn,1.8,5.0,8.7,6.6,4.2,"{""type"": ""5 Band EQ"", ""settings"": {""low"": 0.0, ""low_mid"": 0.0, ""mid"": 12.0, ""high_mid"": 0.0, ""high"": 0.0}}",,,"{""type"": ""Spring 65"", ""settings"": {""level"": 5.5, ""decay"": 4.5, ""tone"": 10.0}}",1475.8294872994852,2545.0499250438766,0.00039160578,"[-130.28964233398438, 195.21495056152344, -108.20414733886719, 37.074310302734375]",0.16478946805000305,4.885859044050203,[0.16488548 0.19310977 0.21157797 ... 0.18381312 0.15968877 0.13694729],8.015083585632965e-05,0.3858479857444763,1.0,0.9777058959007263,92.87981859410431
Good Times,Chic,https://www.youtube.com/watch?v=Q5C9oeKxJzo,0,Twin Clean,3.0,7.0,6.0,6.0,7.5,"{""type"": ""Compressor"", ""settings"": {""type"": ""mid""}}",,"{""type"": ""Delay"", ""settings"": {""level"": 5.0, ""time"": 483, ""feedback"": 3.0, ""tone"": 5.5}}","{""type"": ""Small Room"", ""settings"": {""level"": 4.0, ""decay"": 4.5, ""tone"": 3.5}}",2014.4183998418491,3798.1676207517726,0.0023932906,"[-258.57135009765625, 109.38787078857422, -52.11384582519531, 77.0239486694336]",0.04190492630004883,12.106090755539421,[0.00250534 0.00306583 0.00353841 ... 0.02311322 0.02009896 0.01389563],0.00019769309437833726,0.17831474542617798,1.0,0.8254445195198059,92.87981859410431
Unsung,Helmet,https://www.youtube.com/watch?v=JcF7W5eloYM,12,90s Rock,7.5,5.0,8.0,6.0,9.0,"{""type"": ""Octobot"", ""settings"": {""direct"": 8.5, ""down"": 5.0, ""sizzle"": 5.0}}","{""type"": ""Touch Wah"", ""settings"": {""level"": 2.0, ""thresh"": 7.5, ""mode"": ""HI-UP"", ""filter"": ""BPF"", ""peak"": 6.5}}","{""type"": ""Delay"", ""settings"": {""level"": 2.0, ""time"": 352, ""feedback"": 2.5, ""tone"": 1.0}}","{""type"": ""Large Hall"", ""settings"": {""level"": 2.5, ""decay"": 7.5, ""tone"": 6.0}}",2383.088788609295,3894.0360659014527,0.0029979383,"[-133.4234161376953, 120.56990051269531, -93.40142822265625, 93.71479034423828]",0.08512801676988602,6.300177994029388,"[4.14508469e-02 5.35128154e-02 6.64823800e-02 ... 1.18275122e-04
 1.01425685e-04 8.36046238e-05]",0.0004758496943395585,0.30144625902175903,1.0,0.9670170545578003,92.87981859410431
Dress,PJ Harvey,https://www.youtube.com/watch?v=4lS5jTedHBg,16,60s Uk Cln,6.0,6.0,5.5,6.5,5.0,"{""type"": ""Rock Dirt"", ""settings"": {""level"": 3.0, ""distort"": 5.0, ""filter"": 5.0}}",,,"{""type"": ""Large Hall"", ""settings"": {""level"": 2.0, ""decay"": 3.0, ""tone"": 10.0}}",1463.2226338200812,2947.9920991335557,0.0005341299,"[-232.80845642089844, 156.44967651367188, -75.41606140136719, 74.33843231201172]",0.0662950649857521,4.603989477490277,[0.02944754 0.04217351 0.05126997 ... 0.05257377 0.04793388 0.0412452 ],0.00011601455480558798,0.13827890157699585,0.0,0.9705930352210999,92.87981859410431
Attack of the Ghost Riders,The Raveonettes,https://www.youtube.com/watch?v=1gQEvupSrRY,55,Deluxe Cln,9.5,4.5,9.0,3.5,7.5,"{""type"": ""Sustain"", ""settings"": {""sense"": 5.0, ""level"": 5.0}}","{""type"": ""Chorus"", ""settings"": {""level"": 9.0, ""speed"": 4.5, ""depth"": 1.5}}","{""type"": ""Delay"", ""settings"": {""level"": 3.5, ""time"": 400, ""feedback"": 5.5, ""tone"": 5.5}}","{""type"": ""Large Hall"", ""settings"": {""level"": 10.0, ""decay"": 10.0, ""tone"": 8.0}}",2246.668210494333,3842.4288303732014,0.019120013,"[-60.18937301635742, 102.50012969970703, -67.2436752319336, 20.664669036865234]",0.11469399929046631,4.550049558546956,[0.0583154  0.07423921 0.08960577 ... 0.12726916 0.11275271 0.09471545],0.004202153999358416,0.10347622632980347,1.0,0.990807294845581,92.87981859410431
All's Well That Ends,Rainbow Kitten Surprise,https://www.youtube.com/watch?v=fSOl7lYSE3c,0,Twin Clean,4.5,5.5,6.0,7.5,6.9,"{""type"": ""Myth Drive"", ""settings"": {""level"": 7.0, ""gain"": 5.0, ""treble"": 5.0}}","{""type"": ""Chorus"", ""settings"": {""level"": 6.5, ""speed"": 3.0, ""depth"": 2.0}}",,"{""type"": ""Arena"", ""settings"": {""level"": 7.0, ""decay"": 4.7, ""tone"": 6.6}}",1002.9473891217971,2210.6524658203125,4.467465e-05,"[-326.76593017578125, 169.73361206054688, -35.86714172363281, 62.18162155151367]",0.06032929569482803,6.3597231721201934,[0.00010754 0.00013183 0.00015238 ... 0.09266861 0.0789402  0.06245838],7.024620572337881e-06,0.14737462997436523,0.0,0.9679509997367859,92.87981859410431
Play for Today,The Cure,https://www.youtube.com/watch?v=_iJ7U1qP7KA,30,Doom Metal,2.5,9.5,10.0,1.0,6.5,,"{""type"": ""Flanger"", ""settings"": {""level"": 10.0, ""speed"": 4.0, ""depth"": 4.5, ""feedback"": 8.0}}",,"{""type"": ""Large Hall"", ""settings"": {""level"": 4.0, ""decay"": 5.0, ""tone"": 8.0}}",1853.0253766389849,3627.323210209383,0.0017147957,"[-217.9175262451172, 122.29751586914062, -47.0538215637207, 74.60408782958984]",0.05896604061126709,7.021692610171773,[0.012847   0.0161461  0.01789927 ... 0.08036573 0.06865378 0.05295128],0.00024421396665275097,0.13130073249340057,1.0,0.9562667608261108,92.87981859410431
Pearly-Dewdrops' Drops,Cocteau Twins,https://www.youtube.com/watch?v=s-5Xgw6d3h0,0,Princeton,6.5,9.0,6.5,6.5,6.5,,"{""type"": ""Chorus"", ""settings"": {""level"": 10.0, ""speed"": 4.5, ""depth"": 3.0}}","{""type"": ""Delay"", ""settings"": {""level"": 5.0, ""time"": 400, ""feedback"": 9.0, ""tone"": 1.5}}","{""type"": ""Spring 65"", ""settings"": {""level"": 8.0, ""decay"": 3.5, ""tone"": 5.5}}",1111.8844826935128,2110.262284928259,0.000105358704,"[-343.3516845703125, 173.87005615234375, -58.5853157043457, 37.797245025634766]",0.03587932512164116,5.288529095373971,"[6.4845532e-05 7.9854290e-05 1.0452619e-04 ... 2.2280946e-02 2.0177744e-02
 1.8369962e-02]",1.992211582546588e-05,0.1005767285823822,1.0,0.9818752408027649,92.87981859410431
Helicopter,Bloc Party,https://www.youtube.com/watch?v=kkkA85hPtYw,135,Burn,6.9,6.5,3.5,8.5,2.0,"{""type"": ""Sustain"", ""settings"": {""sense"": 5.0, ""level"": 5.0}}","{""type"": ""Tremolo"", ""settings"": {""level"": 9.5, ""speed"": 6.5}}","{""type"": ""Delay"", ""settings"": {""level"": 2.5, ""time"": 547, ""feedback"": 8.0, ""tone"": 6.5}}","{""type"": ""Small Room"", ""settings"": {""level"": 9.0, ""decay"": 2.0, ""tone"": 5.5}}",1991.9607099507955,3014.184723258859,0.0006983326,"[-170.95684814453125, 162.02479553222656, -135.79501342773438, 55.98188400268555]",0.08746826648712158,5.6838408319156954,[0.05256907 0.06635777 0.07504842 ... 0.11623581 0.0977565  0.08482229],0.0001228627806995064,0.2392418384552002,1.0,0.9821475148200989,92.87981859410431
Sweet Child O' Mine,Guns N' Roses,https://www.youtube.com/watch?v=1w7OgIMMRc4,0,70s Rock,8.0,8.0,10.0,6.0,10.0,"{""type"": ""Blues Drive"", ""settings"": {""level"": 5.9, ""gain"": 10.0, ""tone"": 5.0, ""blend"": 5.0}}","{""type"": ""Touch Wah"", ""settings"": {""level"": 3.4, ""thresh"": 5.5, ""mode"": ""LO-UP"", ""filter"": ""HPF"", ""peak"": 5.5}}","{""type"": ""Delay"", ""settings"": {""level"": 2.5, ""time"": 226, ""feedback"": 5.5, ""tone"": 5.5}}","{""type"": ""Arena"", ""settings"": {""level"": 2.5, ""decay"": 5.5, ""tone"": 5.5}}",2303.130050033818,4270.697532952165,0.002545372,"[-208.62911987304688, 87.77509307861328, -60.80276107788086, 47.111576080322266]",0.051857803016901016,5.772350012574442,[0.00012015 0.00014616 0.00016771 ... 0.04991014 0.04407198 0.03653145],0.00044095932389609516,0.05234028398990631,0.0,0.9933151602745056,92.87981859410431
Kannon 1,Sunn O,https://www.youtube.com/watch?v=IswnGaGxvRQ,150,Doom Metal,7.5,6.0,8.0,4.0,7.0,"{""type"": ""Fuzz"", ""settings"": {""level"": 5.0, ""gain"": 5.0, ""vari"": ""loose""}}","{""type"": ""Vibratone"", ""settings"": {""level"": 6.5, ""speed"": 10.0, ""depth"": 2.5, ""feedback"": 7.0, ""phase"": 6.0}}","{""type"": ""Echo"", ""settings"": {""level"": 3.0, ""time"": 361, ""feedback"": 3.0, ""wow"": 7.5}}","{""type"": ""Arena"", ""settings"": {""level"": 5.0, ""decay"": 5.5, ""tone"": 3.5}}",1533.951356124889,3179.744654963022,0.0007822763,"[-111.98391723632812, 165.7281036376953, -73.33634185791016, 70.19328308105469]",0.14997033774852753,4.333642693689257,[0.08280227 0.1028565  0.11911672 ... 0.19269116 0.16535638 0.12073544],0.0001805123611120507,0.11107417196035385,0.0,0.9931975603103638,92.87981859410431
Firth of Fifth,Genesis,https://www.youtube.com/watch?v=Rz-tHZEr37I,390,60s Uk Cln,4.4,6.0,7.0,4.5,4.0,"{""type"": ""Overdrive"", ""settings"": {""level"": 4.5, ""gain"": 5.5, ""low"": 5.5, ""mid"": 5.0, ""high"": 5.0}}","{""type"": ""Chorus"", ""settings"": {""level"": 3.3, ""speed"": 2.6, ""depth"": 3.5}}","{""type"": ""Echo"", ""settings"": {""level"": 4.8, ""time"": 450, ""feedback"": 3.4, ""wow"": 1.5}}","{""type"": ""Plate"", ""settings"": {""level"": 3.7, ""decay"": 4.0, ""tone"": 4.5}}",1831.2405632873413,3202.85995731221,0.0007781383,"[-202.55157470703125, 117.29621124267578, -84.5357666015625, 39.67375564575195]",0.10078530758619308,5.416828344839672,[0.0656707  0.08362993 0.09727311 ... 0.11674587 0.10292681 0.08619873],0.00014365199604071677,0.11349606513977051,0.0,0.9851037859916687,92.87981859410431
Kilby Girl,The Backseat Lovers,https://www.youtube.com/watch?v=oTwVce9eWb4,60,Twin Clean,3.6,5.9,7.0,6.0,4.0,"{""type"": ""Overdrive"", ""settings"": {""level"": 5.5, ""gain"": 3.6, ""low"": 5.5, ""mid"": 5.5, ""high"": 5.5}}",,,"{""type"": ""Large Hall"", ""settings"": {""level"": 3.8, ""decay"": 3.2, ""tone"": 7.2}}",1482.9319165532859,2752.6870764307228,0.00046110526,"[-155.2106475830078, 167.67991638183594, -84.5675048828125, 59.132259368896484]",0.13898806273937225,6.025414948954599,[0.07151464 0.08396363 0.09442797 ... 0.10309307 0.10306812 0.10301404],7.652671047253534e-05,0.19633357226848602,1.0,0.9840781688690186,92.87981859410431
Maple Syrup,The Backseat Lovers,https://www.youtube.com/watch?v=Gl2TEwnacwM,205,Princeton,7.0,5.0,6.0,4.6,1.9,"{""type"": ""Myth Drive"", ""settings"": {""level"": 7.0, ""gain"": 8.0, ""treble"": 7.0}}",,,"{""type"": ""Spring 65"", ""settings"": {""level"": 5.5, ""decay"": 3.2, ""tone"": 5.5}}",1791.7469101150305,3414.1201647694315,0.002586406,"[-82.59549713134766, 133.32566833496094, -62.095542907714844, 46.32646179199219]",0.15231113135814667,4.5332738547309885,[0.09092429 0.1128139  0.13313684 ... 0.11131488 0.09725018 0.08161685],0.0005705381045117974,0.08290746808052063,0.0,0.9927662014961243,92.87981859410431
Every Breath You Take,The Police,https://www.youtube.com/watch?v=OMOGaugKpzs,0,Princeton,3.3,6.0,6.5,4.5,3.2,,"{""type"": ""Chorus"", ""settings"": {""level"": 2.5, ""speed"": 3.0, ""depth"": 3.5}}","{""type"": ""Echo"", ""settings"": {""level"": 4.0, ""time"": 400, ""feedback"": 2.5, ""wow"": 1.2}}","{""type"": ""Plate"", ""settings"": {""level"": 2.5, ""decay"": 3.0, ""tone"": 5.0}}",765.3466769151614,1281.9202053931451,0.00014170182,"[-342.1563720703125, 203.8421173095703, -11.744735717773438, 16.933916091918945]",0.0494825541973114,8.245748852254751,"[4.1818199e-05 5.1170562e-05 5.9070349e-05 ... 5.8629237e-02 5.3729370e-02
 3.4187373e-02]",1.718483144941274e-05,0.15895166993141174,1.0,0.950076162815094,92.87981859410431
Shed,Title Fight,https://www.youtube.com/watch?v=SE41j8h6P4g,10,80s Rock,2.0,7.0,4.0,6.0,8.0,,"{""type"": ""Chorus"", ""settings"": {""level"": 4.0, ""speed"": 4.6, ""depth"": 3.5}}",,"{""type"": ""Large Hall"", ""settings"": {""level"": 3.8, ""decay"": 3.2, ""tone"": 7.2}}",1626.5621626384125,2904.775809799159,0.0015307484,"[-182.9365692138672, 167.51475524902344, -94.76483154296875, 52.89378356933594]",0.06592265516519547,5.393221457900696,[0.05374002 0.06417464 0.07288582 ... 0.07261319 0.06429224 0.05339173],0.00028382817981764674,0.0720691978931427,0.0,0.9842133522033691,92.87981859410431
Iron Man,Black Sabbath,https://www.youtube.com/watch?v=iFgqckcGpDA,30,Twin Clean,4.5,6.5,4.0,6.5,2.0,"{""type"": ""Big Fuzz"", ""settings"": {""level"": 5.0, ""tone"": 5.0, ""sustain"": 5.0}}",,,"{""type"": ""Large Hall"", ""settings"": {""level"": 4.0, ""decay"": 10.0, ""tone"": 1.0}}",2046.46105713801,3754.912664497535,0.0037440008,"[-147.43374633789062, 118.21794128417969, -65.01679229736328, 63.98160934448242]",0.08749084174633026,5.248362580706639,[0.07146931 0.08507692 0.09776137 ... 0.10120396 0.08896736 0.07409519],0.0007133653853088617,0.12905076146125793,0.0,0.979475200176239,92.87981859410431
Just Like Honey,The Jesus and Mary Chain,https://www.youtube.com/watch?v=7EgB__YratE,60,Twin Clean,3.0,7.5,7.0,6.5,6.0,"{""type"": ""Big Fuzz"", ""settings"": {""level"": 7.5, ""tone"": 5.0, ""sustain"": 5.0}}",,,"{""type"": ""Spring 65"", ""settings"": {""level"": 10.0, ""decay"": 6.0, ""tone"": 4.5}}",2391.3325977792815,4288.055122534803,0.0068144226,"[-182.4020233154297, 95.25257110595703, -76.50944519042969, 66.08466339111328]",0.044775210320949554,5.025938786203378,[0.04237427 0.05091508 0.05815716 ... 0.05458961 0.04810633 0.03959447],0.0013558503706008196,0.04936179518699646,0.0,0.9901065826416016,92.87981859410431
